INSERT INTO COURSE (c_id, c_name, c_description) VALUES (1,'Introduction','An introductory course to the art of ballroom dance.'),
(2,'Social Foundation','Course designed to determine a student''s rate of learning.'),
(3,'Bronze','Course designed for people who to become good socail dancers.'),
(4,'Silver','Course designed to gain advanced techniques for social dancing.'),
(5,'Gold','Course designed to gain expertise in social dance.');
INSERT INTO CUSTOMER (c_id) VALUES (1),
(2),
(3),
(4),
(5),
(6),
(7),
(8),
(9),
(10),
(11),
(12),
(13),
(14),
(15),
(16),
(17),
(18),
(19),
(20),
(21),
(22),
(23),
(24),
(25),
(26),
(27),
(28),
(29),
(30),
(31),
(32),
(33),
(34),
(35),
(36),
(37),
(38),
(39),
(40),
(41),
(42),
(43),
(44),
(45),
(46),
(47),
(48),
(49),
(50);
INSERT INTO DEPARTMENT (d_num, d_name, mgmt_id) VALUES (1,'Main Office',709-32-9489),
(2,'Education',126-55-0901),
(3,'Retail',711-88-2567),
(4,'Telemarketing',407-95-5221),
(5,'Janitorial',249-47-4783);
INSERT INTO DEPT_PRODUCT (dp_id, d_num, product_id) VALUES (1,3,1),
(2,3,2),
(3,3,3),
(4,3,4),
(5,3,5),
(6,3,6),
(7,3,7),
(8,3,8),
(9,3,9),
(10,3,10),
(11,3,11);
INSERT INTO EMPLOYEE (e_id, fname, lname, e_email, e_address, e_city, e_state, phone_number, ssn, birth_date, job_title, d_num, mgmt_id) VALUES (57-1073632,'Fulton','Conman','eharte0@patch.com','4070 8th Circle','New Orleans','LA',578-791-4603,709-32-9489,1989-12-06,'Office Manager',1),
(78-4578679,'Gael','Sebert','gsebert1@twitter.com','2332 Russell Street','New Orleans','LA',179-375-1075,610-83-6778,1992-08-30,'Treasurer',1),
(64-6895235,'Art','Jarrett','ajarrett2@google.co.jp','95287 Toban Parkway','New Orleans','LA',807-413-2224,711-67-1193,1981-08-02,'Receptionist',1),
(87-3115776,'Darsey','Talman,dtalman3@github.io','54022 Mifflin Road','New Orleans','LA',985-599-7831,747-78-4831,1989-02-14,'Secretary',1),
(80-8755007,'Hammad','Dudney','hdudney4@samsung.com','1205 Arkansas Circle','New Orleans','LA',606-908-7300,665-01-1265,1997-11-13,'Secretary',1),
(07-2082718,'Creigh','Seabright','cseabright@github.io','48 Valley Edge Center','New Orleans','LA',623-627-1220,126-55-0901,1977-02-25,'Dance Director',2),
(16-5289341,'Roseline','Wimpeney','rwimpeney6@wiley.com','945 4th Alley','New Orleans','LA',786-941-0255,667-54-2767,1984-02-18,'Front-end Supervisor',2),
(07-1464869,'Cecil','Mallinson','cmallinson7@ed.gov','1 Prentice Street','New Orleans','LA',892-405-1391,665-23-4928,1977-09-15,'Back-end Supervisor',2),
(57-7456528,'Bari','Dunnaway','bdunnaway8@wikispaces.com','56 Walton Road','New Orleans','LA',868-392-8972,622-01-5156,1978-08-07,'Teacher',2),
(32-1621935,'Durant','Godman','dgodman9@symantec.com','8 Coleman Hill','New Orleans','LA',157-758-8541,389-79-2974,2000-06-17,'Teacher',2),
(75-3191910,'Noni','Grimshaw','ngrimshawa@harvard.edu','668 Southridge Avenue','New Orleans','LA',828-583-8143,531-81-3536,1980-01-26,'Teacher',2),
(95-8029767,'Gilburt','Caley','gcaleyb@blogspot.com','53 South Drive','New Orleans','LA',715-248-7288,625-55-4519,2000-05-11,'Teacher',2),
(27-8439252,'Judah','Nutkins','jnutkinsc@slate.com','51 Monument Center','New Orleans','LA',914-327-6720,747-22-2140,1982-03-01,'Teacher',2),
(39-9663810,'Kyle','Rudgerd','krudgerdd@blinklist.com','0 Canary Street','New Orleans','LA',154-256-3781,890-06-0762,1982-05-06,'Teacher',2),
(52-5258460,'Cordelie','Smeath','csmeathe@google.es','859 Warrior Parkway','New Orleans','LA',725-633-4990,891-74-0841,1991-11-13,'Teacher',2),
(80-9056110,'Alexandr','Fetherstone','afetherstonef@newyorker.com','6672 Esker Pass','New Orleans','LA',122-621-5202,334-94-5400,1997-06-17,'Teacher',2),
(49-0424530,'Eloisa','Rimes','erimesg@soup.io','5 Old Shore Court','New Orleans','LA',273-171-1587,650-43-5085,1996-07-20,'Teacher',2),
(42-6611481,'Camila','Westfalen','cwestfalenh@networkadvertising.org','826 Melrose Drive','New Orleans','LA',696-708-7509,879-43-2142,1998-08-02,'Teacher',2),
(92-4155271,'Mariska','Melding','mmeldingi@biglobe.ne.jp','723 Park Meadow Way','New Orleans','LA',562-716-2161,287-51-2611,1993-07-05,'Teacher',2),
(55-7692586,'Susy','Kubes','skubesj@patch.com','60 Independence Circle','New Orleans','LA',148-630-1613,319-61-6656,1980-09-02,'Teacher',2),
(50-7567494,'Elihu','Hurt','ehurtk@dailymail.co.uk','1 Cordelia Road','New Orleans','LA',613-559-3925,711-88-2567,1975-05-08,'Cashier',3),
(01-5105211,'Fanechka','Tabbernor','ftabbernorl@drupal.org','9 Drewry Road','New Orleans','LA',867-320-3396,800-77-7977,1987-08-13,'Cashier',3),
(65-7359688,'Eudora','Kollach','ekollachm@arstechnica.com','67237 Rockefeller Crossing','New Orleans','LA',899-552-5270,561-19-6641,1988-03-26,'Cashier',3),
(59-5140266,'Deeann','Prott','dprottn@godaddy.com','32 Columbus Parkway','New Orleans','LA',241-533-8195,872-96-5430,1974-09-19,'Cashier',3),
(29-6768745,'Ilise','Dieton','idietono@soundcloud.com','06845 Eagle Crest Place','New Orleans','LA',809-464-0658,473-09-7177,1987-08-31,'Cashier',3),
(83-0556024,'Dallas','Kinchley','dkinchley@java.com','2767 Havey Plaza','New Orleans','LA',635-256-7646,711-88-2567,1973-10-27,'Supervisor',3),
(16-2706565,'Garold','Bontoft','gbontoftq@tripod.com','3633 Vera Trail','New Orleans','LA',864-981-3870,555-98-3568,1976-04-14,'Stocking',3),
(32-6263613,'Vivyan','Drivers','vdriversr@360.cn','08420 4th Park','New Orleans','LA',177-380-6250,891-25-8672,1975-11-24,'Stocking',3),
(33-1487743,'Flora','Giannazzo','fgiannazzos@netlog.com','100 Hermina Circle','New Orleans','LA',630-444-7241,117-85-2753,1974-05-13,'Stocking',3),
(13-1221523,'Leigh','Tolworthie','ltolworthiet@shop-pro.jp','68679 Mcguire Point','New Orleans','LA',149-555-0312,798-69-9945,1990-10-25,'Stocking',3),
(44-4788722,'Shantee','Mattimoe','smattimoe@github.io','7491 Lindbergh Hill','New Orleans','LA',280-202-7311,407-95-5221,1972-07-31,'Supervisor',4),
(96-0902146,'Helena','Blagden','hblagdenv@bbc.co.uk','11627 Stoughton Pass','New Orleans','LA',388-843-8129,227-47-5758,1971-12-05,'Telemarketor',4),
(40-7182132,'Tucky','Haquard','thaquardw@exblog.jp','806 Arapahoe Trail','New Orleans','LA',498-612-5121,783-63-9334,1995-03-20,'Telemarketor',4),
(11-7934285,'Malena','Ropking','mropkingx@godaddy.com','3993 Westport Alley','New Orleans','LA',834-362-8480,107-89-4392,1973-01-05,'Telemarketor',4),
(79-6920962,'Hadlee','Atchly','hatchlyy@nasa.gov','479 Doe Crossing Parkway','New Orleans','LA',492-937-2301,175-44-3101,1992-11-10,'Telemarketor',4),
(26-6159871,'Andre','Tottie','qselcraigz@deviantart.com','9317 Transport Hill','New Orleans','LA',449-190-6217,632-41-4276,1988-10-11,'Supervisor',5),
(90-3518883,'Gil','Prazer','gprazer10@mediafire.com','0 Old Gate Crossing','New Orleans','LA',625-350-1947,164-03-8641,1998-12-14,'Janitor',5),
(49-4263818,'Hope,Abson','habson11@discovery.com','1588 Sage Pass,New Orleans','LA',195-634-4251,556-75-3055,1976-11-04,'Janitor',5),
(67-9615494,'Gardner','Waterdrinker','gwaterdrinker12@skyrock.com','4 Center Terrace','New Orleans','LA',388-953-2763,560-04-2884,1985-01-07,'Janitor',5),
(08-4563051,'Nanci','Jelly','njelly13@barnesandnoble.com','9357 Johnson Place','New Orleans','LA',282-180-1664,466-47-5007,1982-03-20,'Janitor',5);
INSERT INTO LESSON (l_id, l_type, duration, cost, course_id) VALUES (1,'priv',01:30:00,59.99,1),
(2,'group',01:30:00,39.99,1),
(3,'pract',01:00:00,29.99,1),
(4,'priv',01:30:00,59.99,2),
(5,'group',02:00:00,39.99,2),
(6,'pract',01:30:00,29.99,2),
(7,'priv',02:00:00,64.99,3),
(8,'group',02:00:00,39.99,3),
(9,'pract',01:30:00,29.99,3),
(10,'priv',02:30:00,69.99,4),
(11,'group',02:30:00,44.99,4),
(12,'pract',01:30:00,34.99,4),
(13,'priv',03:00:00,74.99,5),
(14,'group',03:00:00,49.99,5),
(15,'pract',02:00:00,39.99,5);
INSERT INTO MANAGEMENT (mgmt_id, fname, lname, mgr_ssn) VALUES (1,'Fulton','Conman'),
(2,'Creigh','Seabright'),
(3,'Dallas','Kinchley'),
(4,'Shantee','Mattimoe'),
(5,'Andre','Tottie');
INSERT INTO PRODUCT_COLOR (product_id, color) VALUES
INSERT INTO PRODUCT (p_id, p_name, p_group_name, for_gender, size_index, in_stock, sum_in_stock, wholesale_price, retail_price, date_received, quantity_received, location_received, vendor_id) VALUES
INSERT INTO PURCHASE (p_id, customer_id, sales_person, p_date, payment_method, num_items, total_price) VALUES
INSERT INTO PURCHASE_PRODUCT (purchase_id, product_id) VALUES
INSERT INTO STUDENT_DETAIL (sd_id, fname, lname, sd_address, sd_city, sd_state, email, birth_date, phone_number) VALUES (1,'Ivar','Eckersall','9540 Summerview Terrace','Hammond','LA','ieckersall0@nature.com',1991-04-20,841-532-0650),
(2,'Lari','Bust','47200 Lakewood Lane','Mandeville','LA','lbust1@unicef.org',1974-07-29,312-185-4221),
(3,'Addy','MacCart','90444 Del Sol Alley','Mandeville','LA','amaccart2@alexa.com',1993-09-05,826-998-7067),
(4,'Jules','Hafford','20648 New Castle Court','New Orleans','LA','jhafford3@reverbnation.com',1996-04-08,873-281-2563),
(5,'Lothaire','Gyford','70329 Lawn Hill','Hammond','LA','lgyford4@delicious.com',1987-07-21,254-239-5362),
(6,'Niki','Stothard','717 Marquette Road','Madisonville','LA','nstothard5@elpais.com',1977-12-21,616-109-8639),
(7,'Gail','Clutheram','8 Hovde Hill','Madisonville','LA','gclutheram6@biblegateway.com',1989-05-02,424-804-9826),
(8,'Elisabet','Shird','0 Jay Center','Madisonville','LA','eshird7@yahoo.co.jp',1971-03-07,286-443-3523),
(9,'Berrie','Martynikhin','360 Red Cloud Terrace','Madisonville','LA','bmartynikhin8@unc.edu',1984-10-27,641-918-5205),
(10,'Jacenta','Ansteys','3458 Roth Plaza','New Orleans','LA','jansteys9@ibm.com',1977-11-07,477-629-7531),
(11,'Gregory','Hubbuck','606 Florence Crossing','Madisonville','LA','ghubbucka@java.com',1976-09-26,988-768-2198),
(12,'Daloris','Heineking','0 Sunfield Parkway','Covington','LA','dheinekingb@ifeng.com',1975-05-20,247-367-7133),
(13,'Cosmo','Really','6 Tomscot Road','Madisonville','LA','creallyc@unc.edu',1994-02-03,962-599-1093),
(14,'Tuck','MacDuff','3 Elka Crossing','Madisonville','LA','tmacduffd@jalbum.net',1989-04-04,616-412-2422),
(15,'Stanford','Coxen','8227 Buena Vista Terrace','Hammond','LA','scoxene@reference.com',1993-08-22,982-375-7437),
(16,'Deina','Drexel','53 Erie Drive','New Orleans','LA','ddrexelf@constantcontact.com',1972-01-06,416-970-9107),
(17,'Kare','Boyfield','9722 Almo Road','Madisonville','LA','kboyfieldg@ca.gov',1978-04-08,770-200-3123),
(18,'Tatiana','Roseby','3010 Cordelia Plaza','Mandeville','LA','trosebyh@timesonline.co.uk',1997-11-08,406-856-2204),
(19,'Liz','Burcher','5 Kingsford Terrace','Madisonville','LA','lburcheri@independent.co.uk',1983-08-30,677-974-1178),
(20,'Sarena','Gayden','437 Comanche Parkway','Covington','LA','sgaydenj@soup.io',1977-06-02,869-384-6755),
(21,'Vivyanne','Cuchey','8704 Mallard Center','Mandeville','LA','vcucheyk@artisteer.com',1988-08-19,561-215-0275),
(22,'Claiborne','Arnauduc','2720 David Crossing','Madisonville','LA','carnauducl@msu.edu',1997-06-14,453-503-3427),
(23,'Skelly','Ferres','70 Heffernan Terrace','Hammond','LA','sferresm@tinyurl.com',1976-02-20,150-721-7489),
(24,'Sax','Brien','6283 Eastlawn Alley','Madisonville','LA','sbrienn@de.vu',1988-01-19,321-611-7866),
(25,'Glenine','Kittel','2 Scoville Pass','Mandeville','LA','gkittelo@so-net.ne.jp',1977-09-15,147-948-8189),
(26,'Clemmie','Noden','668 Manitowish Junction','Madisonville','LA','cnodenp@geocities.jp',1993-02-11,932-255-0702),
(27,'Constancia','Vinter','970 Riverside Court','Madisonville','LA','cvinterq@nba.com',1972-04-13,410-161-1430),
(28,'Trude','Eby','7 Linden Hill','Mandeville','LA','tebyr@dmoz.org',1986-11-19,171-430-9273),
(29,'Ynes','Daltrey','33 Redwing Pass','Hammond','LA','ydaltreys@vistaprint.com',1971-07-08,231-126-5472),
(30,'Ole','Tyndall','31579 Cherokee Pass','Covington','LA','otyndallt@e-recht24.de',1987-07-09,981-522-2765),
(31,'Abbey','Grahame','8809 Esker Court','Covington','LA','agrahameu@seesaa.net',1982-10-07,234-445-9085),
(32,'Betta','McCardle','9009 Farwell Circle','Madisonville','LA','bmccardlev@google.it',1988-06-23,593-674-8398),
(33,'Rodrick','Leitch','756 Grim Park','Madisonville','LA','rleitchw@wunderground.com',1983-05-28,562-639-4231),
(34,'Javier','Durbridge','45100 Colorado Center','Madisonville','LA','jdurbridgex@mozilla.com',1985-08-18,196-956-9823),
(35,'Jakob','Macken','79312 John Wall Center','Mandeville','LA','jmackeny@mapy.cz',1972-11-26,143-999-9825),
(36,'Yvor','Child','5662 Shasta Lane','Mandeville','LA','ychildz@sphinn.com',1994-05-13,265-845-0581),
(37,'Christos','Behagg','40994 Blaine Alley','Madisonville','LA','cbehagg10@acquirethisname.com',1987-08-29,602-965-4630),
(38,'Clementia','Loade','7 Sommers Crossing','Mandeville','LA','cloade11@soup.io',1989-05-12,294-856-0914),
(39,'Currie','Younglove','9163 American Ash Plaza','Mandeville','LA','cyounglove12@issuu.com',1995-01-20,799-168-3055),
(40,'Opaline','Haxby','9328 Valley Edge Parkway','Covington','LA','ohaxby13@dell.com',1971-12-29,206-115-5991),
(41,'Alonso','O''Dyvoy','68 Bay Court','Mandeville','LA','aodyvoy14@soup.io',1986-10-09,861-942-9379),
(42,'Valdemar','Munsey','47339 Mandrake Way','Madisonville','LA','vmunsey15@shareasale.com',1985-07-26,993-465-8423),
(43,'Annadiane','Picford','2 Schmedeman Court','Madisonville','LA','apicford16@ehow.com',1991-05-08,439-488-5257),
(44,'Darelle','Fedorchenko','78607 Luster Place','Mandeville','LA','dfedorchenko17@imageshack.us',1983-04-16,298-253-8139),
(45,'Brigit','Forsdicke','94 Anzinger Court','Mandeville','LA','bforsdicke18@fastcompany.com',1978-02-17,111-250-5837),
(46,'Christi','Krzyzanowski','16 Pennsylvania Alley','Madisonville','LA','ckrzyzanowski19@networkadvertising.org',1994-01-01,884-164-8606),
(47,'Mallissa','McGowan','3 Summer Ridge Way','Madisonville','LA','mmcgowan1a@oakley.com',1985-05-22,293-364-0105),
(48,'Gretchen','Colliss','81714 Atwood Street','Madisonville','LA','gcolliss1b@smh.com.au',1991-05-09,700-816-5508),
(49,'Bailie','Bratcher','18 Jackson Point','Madisonville','LA','bbratcher1c@networksolutions.com',1983-07-05,520-329-8716),
(50,'Elvira','Clutterbuck','7861 Buell Court','Madisonville','LA','eclutterbuck1d@baidu.com',1993-05-25,185-128-7065),
(51,'Olvan','Trickett','3023 Dexter Junction','Mandeville','LA','otrickett1e@tumblr.com',1988-12-15,208-777-7747),
(52,'Tanitansy','Haddington','767 Novick Park','Mandeville','LA','thaddington1f@sina.com.cn',1981-08-19,235-355-5138),
(53,'Timoteo','Dessent','4978 Chinook Terrace','Madisonville','LA','tdessent1g@marketwatch.com',1988-05-25,133-593-7610),
(54,'Drugi','Yandle','39033 Lunder Plaza','Madisonville','LA','dyandle1h@patch.com',1979-12-02,742-485-9629),
(55,'Aluin','Bedberry','0 Thompson Pass','Madisonville','LA','abedberry1i@economist.com',1991-02-01,631-579-7600),
(56,'Carmita','Dumini','1 Golden Leaf Circle','Mandeville','LA','cdumini1j@ezinearticles.com',1970-08-21,572-692-6590),
(57,'Anette','Thring','2299 Spaight Center','Madisonville','LA','athring1k@etsy.com',1981-09-13,234-786-5966),
(58,'Orrin','Shambrook','70694 Burrows Road','Madisonville','LA','oshambrook1l@t.co',1994-11-19,368-718-1704),
(59,'Laryssa','Aubin','0647 Claremont Point','Madisonville','LA','laubin1m@yale.edu',1975-12-11,251-354-7425),
(60,'Lonnie','Partleton','10856 Ryan Center','Madisonville','LA','lpartleton1n@simplemachines.org',1973-11-09,336-960-4614),
(61,'Arda','Shyram','048 Butternut Junction','Hammond','LA','ashyram1o@usa.gov',1971-12-22,684-204-0615),
(62,'Tillie','Blofield','58 Barnett Plaza','Mandeville','LA','tblofield1p@tamu.edu',1971-05-20,318-718-3507),
(63,'Ange','Brundell','62 Claremont Point','Covington','LA','abrundell1q@w3.org',1994-02-04,194-747-8429),
(64,'Issy','Blay','81 Grover Court','Hammond','LA','iblay1r@wufoo.com',1989-07-05,912-469-7569),
(65,'Juliet','Abby','266 Di Loreto Alley','Covington','LA','jabby1s@domainmarket.com',1974-05-18,268-789-2793),
(66,'Rhys','Kuhnwald','73 Goodland Point','New Orleans','LA','rkuhnwald1t@salon.com',1984-09-17,353-485-3098),
(67,'Joellyn','Caines','060 Marquette Park','Mandeville','LA','jcaines1u@unesco.org',1979-03-06,487-578-4672),
(68,'Galvin','Kennelly','99 Rockefeller Street','Hammond','LA','gkennelly1v@wikimedia.org',1987-07-09,846-642-7869),
(69,'Mariann','Roizin','4442 Lake View Hill','Covington','LA','mroizin1w@printfriendly.com',1986-02-17,260-356-3568),
(70,'Cairistiona','Merriment','63132 5th Drive','Hammond','LA','cmerriment1x@nationalgeographic.com',1991-06-02,553-147-0640),
(71,'Nolly','Kenforth','4478 Anhalt Plaza','Mandeville','LA','nkenforth1y@domainmarket.com',1996-09-16,351-343-5274),
(72,'Rachele','Mc-Kerley','2 Chive Alley','Covington','LA','rmckerley1z@amazon.co.uk',1975-07-24,750-427-3931),
(73,'Stefan','Abel','6229 4th Pass','Mandeville','LA','sabel20@booking.com',1974-12-07,305-575-3600),
(74,'Nadeen','Morford','3889 Everett Park','New Orleans','LA','nmorford21@macromedia.com',1984-04-28,513-382-9788),
(75,'Sergeant','Bearcroft','14 Fairview Point','Mandeville','LA','sbearcroft22@t.co',1978-12-02,675-945-0257),
(76,'Marya','Gaul','0 Almo Park','Mandeville','LA','mgaul23@illinois.edu',1973-01-06,321-805-1991),
(77,'Tricia','Ricciardelli','3 Tony Circle','Madisonville','LA','tricciardelli24@gmpg.org',1981-02-27,284-835-0413),
(78,'Ryon','Antcliffe','907 Maywood Parkway','Madisonville','LA','rantcliffe25@latimes.com',1973-04-12,628-570-2964),
(79,'Sigismondo','Reedie','08 Melby Road','Madisonville','LA','sreedie26@yelp.com',1996-11-19,288-228-5272),
(80,'Yard','Corbett','97 8th Avenue','Mandeville','LA','ycorbett27@wp.com',1983-09-25,870-873-2828),
(81,'Phillie','Caldeiro','4 Laurel Street','New Orleans','LA','pcaldeiro28@reverbnation.com',1992-09-07,481-539-4064),
(82,'Gabbie','Crates','1236 Ridgeview Place','Mandeville','LA','gcrates29@jugem.jp',1995-02-07,753-760-6565),
(83,'Bev','Ruffy','2 Vera Point','Madisonville','LA','bruffy2a@bigcartel.com',1984-05-14,750-504-9176),
(84,'Jenilee','Pohlke','6 Forest Court','Mandeville','LA','jpohlke2b@umich.edu',1977-05-12,218-203-8087),
(85,'Lenard','Huby','58423 Barnett Plaza','Madisonville','LA','lhuby2c@economist.com',1974-10-25,755-423-0698),
(86,'Flori','Durak','60205 Lakeland Drive','Madisonville','LA','fdurak2d@pbs.org',1988-10-31,938-882-8823),
(87,'Kerrie','Marden','5182 Grayhawk Way','Madisonville','LA','kmarden2e@ow.ly',1977-08-24,434-970-2062),
(88,'Agosto','Bridewell','1307 Di Loreto Junction','Hammond','LA','abridewell2f@cdc.gov',1976-05-16,454-265-0543),
(89,'Kendal','Seabon','8 Express Street','Hammond','LA','kseabon2g@addthis.com',1992-02-02,964-518-0366),
(90,'Bond','Peckham','0813 Arapahoe Drive','Madisonville','LA','bpeckham2h@gmpg.org',1982-09-23,831-746-7092),
(91,'Hanson','Borles','3 Maple Wood Alley','Hammond','LA','hborles2i@sakura.ne.jp',1974-08-11,706-975-2706),
(92,'Dell','Stennett','5 Northwestern Park','Madisonville','LA','dstennett2j@ted.com',1973-02-11,148-974-0184),
(93,'Man','Whitely','9 Jackson Terrace','Mandeville','LA','mwhitely2k@deviantart.com',1993-04-08,842-714-5967),
(94,'Nell','Slatford','790 Ruskin Junction','Madisonville','LA','nslatford2l@opensource.org',1996-11-07,533-500-6417),
(95,'Amanda','Skip','48353 Arizona Park','Madisonville','LA','askip2m@discuz.net',1982-11-12,248-736-9823),
(96,'Merle','Pankettman','90811 Elmside Hill','Hammond','LA','mpankettman2n@toplist.cz',1989-03-22,869-764-6079),
(97,'Merill','Malinson','847 Clove Pass','Mandeville','LA','mmalinson2o@mit.edu',1984-06-01,993-534-7611),
(98,'Berny','Kleewein','64 Mccormick Road','Mandeville','LA','bkleewein2p@bluehost.com',1986-07-24,325-437-7269),
(99,'Tove','Sailor','34 Union Street','Madisonville','LA','tsailor2q@tamu.edu',1970-03-14,287-310-8257),
(100,'Karolina','Gribbon','40 Sunnyside Road','Mandeville','LA','kgribbon2r@t.co',1992-04-24,464-363-7915);
INSERT INTO STUDENT (s_id, fname, lname, stud_detail_id) VALUES (1,'Ivar','Eckersall',1),
(2,'Lari','Bust',2),
(3,'Addy','MacCart',3),
(4,'Jules','Hafford',4),
(5,'Lothaire','Gyford',5),
(6,'Niki','Stothard',6),
(7,'Gail','Clutheram',7),
(8,'Elisabet','Shird',8),
(9,'Berrie','Martynikhin',9),
(10,'Jacenta','Ansteys',10),
(11,'Gregory','Hubbuck',11),
(12,'Daloris','Heineking',12),
(13,'Cosmo','Really',13),
(14,'Tuck','MacDuff',14),
(15,'Stanford','Coxen',15),
(16,'Deina','Drexel',16),
(17,'Kare','Boyfield',17),
(18,'Tatiana','Roseby',18),
(19,'Liz','Burcher',19),
(20,'Sarena','Gayden',20),
(21,'Vivyanne','Cuchey',21),
(22,'Claiborne','Arnauduc',22),
(23,'Skelly','Ferres',23),
(24,'Sax','Brien',24),
(25,'Glenine','Kittel',25),
(26,'Clemmie','Noden',26),
(27,'Constancia','Vinter',27),
(28,'Trude','Eby',28),
(29,'Ynes','Daltrey',29),
(30,'Ole','Tyndall',30),
(31,'Abbey','Grahame',31),
(32,'Betta','McCardle',32),
(33,'Rodrick','Leitch',33),
(34,'Javier','Durbridge',34),
(35,'Jakob','Macken',35),
(36,'Yvor','Child',36),
(37,'Christos','Behagg',37),
(38,'Clementia','Loade',38),
(39,'Currie','Younglove',39),
(40,'Opaline','Haxby',40),
(41,'Alonso','O''Dyvoy',41),
(42,'Valdemar','Munsey',42),
(43,'Annadiane','Picford',43),
(44,'Darelle','Fedorchenko',44),
(45,'Brigit','Forsdicke',45),
(46,'Christi','Krzyzanowski',46),
(47,'Mallissa','McGowan',47),
(48,'Gretchen','Colliss',48),
(49,'Bailie','Bratcher',49),
(50,'Elvira','Clutterbuck',50),
(51,'Olvan','Trickett',51),
(52,'Tanitansy','Haddington',52),
(53,'Timoteo','Dessent',53),
(54,'Drugi','Yandle',54),
(55,'Aluin','Bedberry',55),
(56,'Carmita','Dumini',56),
(57,'Anette','Thring',57),
(58,'Orrin','Shambrook',58),
(59,'Laryssa','Aubin',59),
(60,'Lonnie','Partleton',60),
(61,'Arda','Shyram',61),
(62,'Tillie','Blofield',62),
(63,'Ange','Brundell',63),
(64,'Issy','Blay',64),
(65,'Juliet','Abby',65),
(66,'Rhys','Kuhnwald',66),
(67,'Joellyn','Caines',67),
(68,'Galvin','Kennelly',68),
(69,'Mariann','Roizin',69),
(70,'Cairistiona','Merriment',70),
(71,'Nolly','Kenforth',71),
(72,'Rachele','Mc-Kerley',72),
(73,'Stefan','Abel',73),
(74,'Nadeen','Morford',74),
(75,'Sergeant','Bearcroft',75),
(76,'Marya','Gaul',76),
(77,'Tricia','Ricciardelli',77),
(78,'Ryon','Antcliffe',78),
(79,'Sigismondo','Reedie',79),
(80,'Yard','Corbett',80),
(81,'Phillie','Caldeiro',81),
(82,'Gabbie','Crates',82),
(83,'Bev','Ruffy',83),
(84,'Jenilee','Pohlke',84),
(85,'Lenard','Huby',85),
(86,'Flori','Durak',86),
(87,'Kerrie','Marden',87),
(88,'Agosto','Bridewell',88),
(89,'Kendal','Seabon',89),
(90,'Bond','Peckham',90),
(91,'Hanson','Borles',91),
(92,'Dell','Stennett',92),
(93,'Man','Whitely',93),
(94,'Nell','Slatford',94),
(95,'Amanda','Skip',95),
(96,'Merle','Pankettman',96),
(97,'Merill','Malinson',97),
(98,'Berny','Kleewein',98),
(99,'Tove','Sailor',99),
(100,'Karolina','Gribbon',100);
INSERT INTO TEACHER (t_id, employee_id) VALUES (1,57-7456528),
(2,32-1621935),
(3,75-3191910),
(4,95-8029767),
(5,27-8439252),
(6,39-9663810),
(7,52-5258460),
(8,80-9056110),
(9,49-0424530),
(10,42-6611481),
(11,92-4155271),
(12,55-7692586);
INSERT INTO VENDOR (v_id, v_name, v_location) VALUES (1,'Brainsphere','50574 Corry Pass','Johnstown','PA'),
(2,'Eadel','5167 Corry Avenue','San Francisco','CA'),
(3,'Skibox','6 Melby Road','Sacramento','CA'),
(4,'Skiptube','0383 Hansons Trail','Long Beach','CA'),
(5,'Youopia','9 Kim Drive','Jamaica','NY'),
(6,'Youspan','030 Orin Place','Hollywood','FL'),
(7,'Kwideo','38 Charing Cross Place','Atlanta','GA'),
(8,'Mita','721 Linden Place','San Antonio','TX'),
(9,'Flashpoint','02623 5th Hill','Duluth','GA'),
(10,'Zooxo','3035 Vidon Point','Savannah','GA'),
(11,'Pixoboo','789 Cordelia Crossing','Camden','NJ'),
(12,'Rhycero','9827 Summit Parkway','Topeka','KS'),
(13,'Cogilith','13 Straubel Street','Kent','WA'),
(14,'Yakijo','2 Raven Way','Charlotte','NC'),
(15,'Realblab','79426 Darwin Lane','Tulsa','OK'),
(16,'Zoomcast','4 Hollow Ridge Drive','Fairbanks','AK'),
(17,'Bluezoom','39 Birchwood Drive','Fort Worth','TX'),
(18,'Skyble','8922 Moose Place','Portland','OR'),
(19,'Geba','03890 West Plaza','Philadelphia','PA'),
(20,'Feedmix','9 Mayer Road','Eugene','OR');
INSERT INTO ENROLLMENT_DETAIL (ed_id, enroll_id, student_id, course_id, priv_course, group_course, pract_course, supervisor_id, teacher_id, enroll_date) VALUES 
INSERT INTO ENROLLMENT (e_id, e_date, mgmt_id) VALUES
